<soapenv:Envelope xmlns:soapenv="http://schemas.xmlsoap.org/soap/envelope/" xmlns:ubap="http://ubapi.globalpay.com">
  <soapenv:Header/>
  <soapenv:Body>
    <NewContractRequest xmlns="http://ubapi.globalpay.com">
      <NewContract>
        <Contract-CA>
          <ReferenceNumber>UBAPI-2.3.11</ReferenceNumber>
          <DBAName>Test</DBAName>
          <LegalName>Test</LegalName>
          <BusinessType>Sole Proprietor</BusinessType>
          <CategoryCode>3004</CategoryCode>
          <SalesRep>
            <RepCode>1001</RepCode>
            <ContactInfo>
              <FirstName>TINA</FirstName>
              <LastName>ROBERTSON</LastName>
              <Phone>+14168474317</Phone>
              <Email>TINA.ROBERTSON@GLOBALPAY.COM</Email>
            </ContactInfo>
          </SalesRep>
          <FrontEndVendor>North</FrontEndVendor>
          <YearsUnderOwner>1</YearsUnderOwner>
          <ProductOrService>Test</ProductOrService>
          <Owners>
            <Owner>
              <Salutation/>
              <FirstName>Test</FirstName>
              <LastName>Test</LastName>
              <Phone>+14168474317</Phone>
              <Email>Test@email.com</Email>
              <DateOfBirth>2000-01-01</DateOfBirth>
              <Type>Owner1</Type>
              <JobTitle/>
              <CurrentAddress>
                <Line1>TEST</Line1>
                <City>ATLANTA</City>
                <StateOrProvince>Test</StateOrProvince>
                <CountryCode>CAN</CountryCode>
                <PostalCode>A1A1A1</PostalCode>
                <YearsAt>0</YearsAt>
              </CurrentAddress>
              <Properties>
                <Property>
                  <Name>1005</Name>
                  <Value>true</Value>
                </Property>
              </Properties>
            </Owner>
          </Owners>
          <Properties>
            <Property>
              <Name>OwnershipStartDate</Name>
              <Value>2016-01-01</Value>
            </Property>
            <Property>
              <Name>102002</Name>
              <Value>2014-12-12</Value>
            </Property>
            <Property>
              <Name>107001</Name>
              <Value>5</Value>
            </Property>
            <Property>
              <Name>107002</Name>
              <Value>5</Value>
            </Property>
            <Property>
              <Name>106004</Name>
              <Value>National Bank Branch</Value>
            </Property>
            <Property>
              <Name>106005</Name>
              <Value>1</Value>
            </Property>
            <Property>
              <Name>100015</Name>
              <Value>www.google.com</Value>
            </Property>
            <Property>
              <Name>107006</Name>
              <Value>false</Value>
            </Property>
            <Property>
              <Name>107007</Name>
              <Value>false</Value>
            </Property>
            <Property>
              <Name>107008</Name>
              <Value>NA</Value>
            </Property>
            <Property>
              <Name>107009</Name>
              <Value>false</Value>
            </Property>
            <Property>
              <Name>107005</Name>
              <Value>0 - Decline Amex acceptance (Opt Blue ineligible)</Value>
            </Property>
            <Property>
              <Name>100002</Name>
              <Value>True</Value>
            </Property>
            <Property>
              <Name>100003</Name>
              <Value>True</Value>
            </Property>
            <Property>
              <Name>100004</Name>
              <Value>True</Value>
            </Property>
            <Property>
              <Name>100005</Name>
              <Value>True</Value>
            </Property>
            <Property>
              <Name>100006</Name>
              <Value>True</Value>
            </Property>
            <Property>
              <Name>100007</Name>
              <Value>True</Value>
            </Property>
            <Property>
              <Name>100008</Name>
              <Value>True</Value>
            </Property>
            <Property>
              <Name>100009</Name>
              <Value>True</Value>
            </Property>
            <Property>
              <Name>100010</Name>
              <Value>True</Value>
            </Property>
            <Property>
              <Name>100011</Name>
              <Value>True</Value>
            </Property>
            <Property>
              <Name>100012</Name>
              <Value>True</Value>
            </Property>
            <Property>
              <Name>100013</Name>
              <Value>True</Value>
            </Property>
            <Property>
              <Name>103002</Name>
              <Value>NA</Value>
            </Property>
            <Property>
              <Name>103020</Name>
              <Value>NA</Value>
            </Property>
            <Property>
              <Name>104002</Name>
              <Value>True</Value>
            </Property>
            <Property>
              <Name>104004</Name>
              <Value>False</Value>
            </Property>
            <Property>
              <Name>104006</Name>
              <Value>True</Value>
            </Property>
            <Property>
              <Name>104014</Name>
              <Value>False</Value>
            </Property>
            <Property>
              <Name>104018</Name>
              <Value>False</Value>
            </Property>
            <Property>
              <Name>104021</Name>
              <Value>Level1</Value>
            </Property>
            <Property>
              <Name>104022</Name>
              <Value>True</Value>
            </Property>
            <Property>
              <Name>104026</Name>
              <Value>2015-12-01</Value>
            </Property>
          </Properties>
          <SalesUnit>1000</SalesUnit>
          <Referral>National Bank Branch</Referral>
          <ReferralDetail/>
          <ReferralTransit/>
          <MarketRep>
            <RepCode>1001</RepCode>
            <ContactInfo>
              <FirstName>TINA</FirstName>
              <LastName>ROBERTSON</LastName>
              <Phone>+14168474317</Phone>
              <Email>TINA.ROBERTSON@GLOBALPAY.COM</Email>
            </ContactInfo>
          </MarketRep>
          <LanguageWritten>eng</LanguageWritten>
          <LanguageSpoken>eng</LanguageSpoken>
          <RiskInfo>
            <RiskPurchaseVolume>6.00</RiskPurchaseVolume>
            <RiskAvgTicket>3.00</RiskAvgTicket>
            <Properties>
              <Property>
                <Name>1033</Name>
                <Value>4</Value>
              </Property>
              <Property>
                <Name>1034</Name>
                <Value>2</Value>
              </Property>
              <Property>
                <Name>1001</Name>
                <Value>100</Value>
              </Property>
              <Property>
                <Name>1007</Name>
                <Value>True</Value>
              </Property>
              <Property>
                <Name>1008</Name>
                <Value>False</Value>
              </Property>
              <Property>
                <Name>1009</Name>
                <Value>True</Value>
              </Property>
              <Property>
                <Name>1010</Name>
                <Value>100</Value>
              </Property>
              <Property>
                <Name>1011</Name>
                <Value>100</Value>
              </Property>
              <Property>
                <Name>1012</Name>
                <Value>100</Value>
              </Property>
              <Property>
                <Name>1013</Name>
                <Value>100</Value>
              </Property>
              <Property>
                <Name>1014</Name>
                <Value>0</Value>
              </Property>
              <Property>
                <Name>1015</Name>
                <Value>0</Value>
              </Property>
              <Property>
                <Name>1016</Name>
                <Value>0</Value>
              </Property>
              <Property>
                <Name>1017</Name>
                <Value>0</Value>
              </Property>
              <Property>
                <Name>1018</Name>
                <Value>0</Value>
              </Property>
              <Property>
                <Name>1019</Name>
                <Value>True</Value>
              </Property>
            </Properties>
          </RiskInfo>
          <Locations>
            <Location>
              <ReferenceNumber>202020</ReferenceNumber>
              <Contacts>
                <Contact>
                  <FirstName>Test</FirstName>
                  <LastName>ContactLast</LastName>
                  <Phone>+14168474317</Phone>
                  <Email>Test@email.com</Email>
                  <Address>
                    <Line1>TEST</Line1>
                    <City>Test</City>
                    <StateOrProvince>AB</StateOrProvince>
                    <CountryCode>CAN</CountryCode>
                    <PostalCode>X1X1X1</PostalCode>
                  </Address>
                  <Usage>
                    <Billing/>
                    <DBA/>
                    <Legal/>
                    <Chargeback/>
                    <Retrieval/>
                    <Shipping/>
                  </Usage>
                  <ContactPreference>
                    <Chargeback>N</Chargeback>
                    <Retrieval>N</Retrieval>
                  </ContactPreference>
                </Contact>
              </Contacts>
              <BankAccounts>
                <BankAccount>
                  <Currency>CAD</Currency>
                  <RoutingNumber>0012012345</RoutingNumber>
                  <AccountNumber>123456</AccountNumber>
                  <AccountHolder>Test</AccountHolder>
                  <Usage>
                    <Chargebacks/>
                    <Deposit/>
                  </Usage>
                  <CardPlans>
                    <CardPlan>Visa</CardPlan>
                  </CardPlans>
                </BankAccount>
              </BankAccounts>
              <CardPlans>
                <Visa>
                  <ExternalProvider>Global</ExternalProvider>
                  <Currencies>
                    <Currency>CAD</Currency>
                  </Currencies>
                  <RateCards>
                    <RateCard>
                      <PurchaseVolume>1</PurchaseVolume>
                      <AverageTicket>50</AverageTicket>
                      <Programs>
                        <Program>Visa Consumer</Program>
                      </Programs>
                      <Rates>
                        <Rate>
                          <TypeId>Discount</TypeId>
                          <Amount>1.0000</Amount>
                          <ApplyType>Sales Returns</ApplyType>
                        </Rate>
                        <Rate>
                          <TypeId>Per Item</TypeId>
                          <Amount>1.0000</Amount>
                          <ApplyType>Sales Returns</ApplyType>
                        </Rate>
                        <Rate>
                          <TypeId>Auth Fee</TypeId>
                          <ApplyType>Sales Returns</ApplyType>
                        </Rate>
                        <Rate>
                          <TypeId>Assess Fee</TypeId>
                          <Amount>0.1490</Amount>
                          <ApplyType>Sales Returns</ApplyType>
                        </Rate>
                        <Rate>
                          <TypeId>IDF</TypeId>
                          <Table>A1</Table>
                        </Rate>
                        <Rate>
                          <TypeId>CB Disc</TypeId>
                          <Amount>0.8000</Amount>
                          <ApplyType>Sales Returns</ApplyType>
                        </Rate>
                        <Rate>
                          <TypeId>CB PerItem</TypeId>
                          <Amount>0.0000</Amount>
                          <ApplyType>Sales Returns</ApplyType>
                        </Rate>
                        <Rate>
                          <TypeId>Network</TypeId>
                          <ApplyType>Sales Returns</ApplyType>
                        </Rate>
                        <Rate>
                          <TypeId>CardNotPresent</TypeId>
                          <ApplyType>Sales Returns</ApplyType>
                        </Rate>
                        <Rate>
                          <TypeId>CBIntlDisc</TypeId>
                          <Amount>1.0000</Amount>
                          <ApplyType>Sales Returns</ApplyType>
                        </Rate>
                        <Rate>
                          <TypeId>CBIntlPI</TypeId>
                          <Amount>0.0000</Amount>
                          <ApplyType>Sales Returns</ApplyType>
                        </Rate>
                      </Rates>
                    </RateCard>
                  </RateCards>
                </Visa>
                <MasterCard>
                  <ExternalProvider>Global</ExternalProvider>
                  <Currencies>
                    <Currency>CAD</Currency>
                  </Currencies>
                  <RateCards>
                    <RateCard>
                      <PurchaseVolume>1</PurchaseVolume>
                      <AverageTicket>75</AverageTicket>
                      <Programs>
                        <Program>MasterCard Consumer</Program>
                      </Programs>
                      <Rates>
                        <Rate>
                          <TypeId>Discount</TypeId>
                          <Amount>1.0000</Amount>
                          <ApplyType>Sales Returns</ApplyType>
                        </Rate>
                        <Rate>
                          <TypeId>Per Item</TypeId>
                          <Amount>1.0000</Amount>
                          <ApplyType>Sales Returns</ApplyType>
                        </Rate>
                        <Rate>
                          <TypeId>Auth Fee</TypeId>
                          <ApplyType>Sales Returns</ApplyType>
                        </Rate>
                        <Rate>
                          <TypeId>Assess Fee</TypeId>
                          <Amount>0.1490</Amount>
                          <ApplyType>Sales Returns</ApplyType>
                        </Rate>
                        <Rate>
                          <TypeId>IDF</TypeId>
                          <Table>B1</Table>
                        </Rate>
                        <Rate>
                          <TypeId>CB Disc</TypeId>
                          <ApplyType>Sales Returns</ApplyType>
                        </Rate>
                        <Rate>
                          <TypeId>CB PerItem</TypeId>
                          <ApplyType>Sales Returns</ApplyType>
                        </Rate>
                        <Rate>
                          <TypeId>Network</TypeId>
                          <ApplyType>Sales Returns</ApplyType>
                        </Rate>
                        <Rate>
                          <TypeId>CardNotPresent</TypeId>
                          <ApplyType>Sales Returns</ApplyType>
                        </Rate>
                        <Rate>
                          <TypeId>CBIntlDisc</TypeId>
                          <ApplyType>Sales Returns</ApplyType>
                        </Rate>
                        <Rate>
                          <TypeId>CBIntlPI</TypeId>
                          <ApplyType>Sales Returns</ApplyType>
                        </Rate>
                        <Rate>
                          <TypeId>LicenseFeeDiscountRate</TypeId>
                          <Amount>0.0300</Amount>
                          <ApplyType>Sales Returns</ApplyType>
                        </Rate>
                        <Rate>
                          <TypeId>LicenseFeePerItem</TypeId>
                          <Amount>0.0000</Amount>
                          <ApplyType>Sales Returns</ApplyType>
                        </Rate>
                      </Rates>
                    </RateCard>
                  </RateCards>
                </MasterCard>
              </CardPlans>
              <Fees>
                <Fee>
                  <Name>ORDI00368</Name>
                  <Quantity>1</Quantity>
                  <Catalog>CATL00068</Catalog>
                  <Rates>
                    <Rate>
                      <TypeId>RATT00038</TypeId>
                      <Frequency>PER OCCURANCE</Frequency>
                      <Amount>25.0000</Amount>
                    </Rate>
                  </Rates>
                </Fee>
                <Fee>
                  <Name>ORDI00369</Name>
                  <Quantity>1</Quantity>
                  <Catalog>CATL00068</Catalog>
                </Fee>
                <Fee>
                  <Name>ORDI00370</Name>
                  <Quantity>1</Quantity>
                  <Catalog>CATL00068</Catalog>
                </Fee>
                <Fee>
                  <Name>ORDI00371</Name>
                  <Quantity>1</Quantity>
                  <Catalog>CATL00068</Catalog>
                </Fee>
                <Fee>
                  <Name>ORDI00477</Name>
                  <Quantity>1</Quantity>
                  <Catalog>CATL00068</Catalog>
                </Fee>
                <Fee>
                  <Name>ORDI00355</Name>
                  <Quantity>1</Quantity>
                  <Catalog>CATL00068</Catalog>
                </Fee>
                <Fee>
                  <Name>ORDI00358</Name>
                  <Quantity>1</Quantity>
                  <Catalog>CATL00068</Catalog>
                </Fee>
              </Fees>
              <Orders>
                <Order>
                  <OrderItems>
                    <OrderItem>
                      <ItemId>ORDI00581</ItemId>
                      <Category>Products</Category>
                      <Quantity>1</Quantity>
                      <Catalog>CATL00083</Catalog>
                    </OrderItem>
                    <OrderItem>
                      <ItemId>ORDI00234</ItemId>
                      <Category>Products</Category>
                      <Quantity>1</Quantity>
                      <Catalog>CATL00083</Catalog>
                    </OrderItem>
                    <OrderItem>
                      <ItemId>ORDI00321</ItemId>
                      <Category>Products</Category>
                      <Quantity>1</Quantity>
                      <Catalog>CATL00083</Catalog>
                    </OrderItem>
                    <OrderItem>
                      <ItemId>ORDI01671</ItemId>
                      <Category>Products</Category>
                      <Quantity>2</Quantity>
                      <Catalog>CATL00078</Catalog>
                      <Rates>
                        <Rate>
                          <TypeId>RATT00354</TypeId>
                          <Frequency>MONTHLY</Frequency>
                          <Amount>21.0000</Amount>
                          <Properties>
                            <Property>
                              <Name>RTPI00015</Name>
                              <Value>4957</Value>
                            </Property>
                            <Property>
                              <Name>RTPI00016</Name>
                              <Value>M</Value>
                            </Property>
                          </Properties>
                        </Rate>
                      </Rates>
                    </OrderItem>
                    <OrderItem>
                      <ItemId>ORDI01792</ItemId>
                      <Category>Services</Category>
                      <Quantity>1</Quantity>
                      <Catalog>CATL00086</Catalog>
                    </OrderItem>
                    <OrderItem>
                      <ItemId>ORDI01613</ItemId>
                      <Category>Services</Category>
                      <Quantity>1</Quantity>
                      <Catalog>CATL00086</Catalog>
                    </OrderItem>
                  </OrderItems>
                </Order>
              </Orders>
              <RiskInfo>
                <RiskAvgTicket>75</RiskAvgTicket>
                <AnnualSales>1000000</AnnualSales>
                <CardPresentPercent>75</CardPresentPercent>
                <CardNotPresentPercent>20</CardNotPresentPercent>
                <CardKeyedPercent>5</CardKeyedPercent>
              </RiskInfo>
              <Outlets>
                <Outlet>0000075307875704</Outlet>
              </Outlets>
            </Location>
          </Locations>
        </Contract-CA>
      </NewContract>
    </NewContractRequest>
  </soapenv:Body>
</soapenv:Envelope>